INSERT INTO "UNIT_TESTING_RESULTS" ("UNIT_TESTING_NUMBER", "SYSTEM_NAME", "TOTAL_BUGS", "EVALUATION_REGRESSION_TESTING", "MOCK_OBJECT_NUMBER", "COVER_RATIO_UNIT_TESTS", "REPORTED_BUGS_NUMBER", "TOTAL_BUG_FIXES", "TESTING_DATA") VALUES (11, '7I4DR7UAF26 QJCWUQ8N SC77VXI7N', 0, 4, 5, 2, 7, 13, 10);

INSERT INTO "UNIT_TESTING_RESULTS" ("UNIT_TESTING_NUMBER", "SYSTEM_NAME", "TOTAL_BUGS", "EVALUATION_REGRESSION_TESTING", "MOCK_OBJECT_NUMBER", "COVER_RATIO_UNIT_TESTS", "REPORTED_BUGS_NUMBER", "TOTAL_BUG_FIXES", "TESTING_DATA") VALUES (15, 'LOK6 SU4WHC9GPQUCAHHA96CG6NUND', 16, 19, 4, 13, 8, 1, 5);

INSERT INTO "UNIT_TESTING_RESULTS" ("UNIT_TESTING_NUMBER", "SYSTEM_NAME", "TOTAL_BUGS", "EVALUATION_REGRESSION_TESTING", "MOCK_OBJECT_NUMBER", "COVER_RATIO_UNIT_TESTS", "REPORTED_BUGS_NUMBER", "TOTAL_BUG_FIXES", "TESTING_DATA") VALUES (6, '0JSVT1X3V92YJF6TG296YLHP4YW 8F', 15, 8, 10, 8, 19, 10, 16);

INSERT INTO "UNIT_TESTING_RESULTS" ("UNIT_TESTING_NUMBER", "SYSTEM_NAME", "TOTAL_BUGS", "EVALUATION_REGRESSION_TESTING", "MOCK_OBJECT_NUMBER", "COVER_RATIO_UNIT_TESTS", "REPORTED_BUGS_NUMBER", "TOTAL_BUG_FIXES", "TESTING_DATA") VALUES (16, 'NB9DD5PWP8ECIHTJVVKL4NAAEFQXV9', 13, 0, 14, 0, 2, 14, 9);

INSERT INTO "UNIT_TESTING_RESULTS" ("UNIT_TESTING_NUMBER", "SYSTEM_NAME", "TOTAL_BUGS", "EVALUATION_REGRESSION_TESTING", "MOCK_OBJECT_NUMBER", "COVER_RATIO_UNIT_TESTS", "REPORTED_BUGS_NUMBER", "TOTAL_BUG_FIXES", "TESTING_DATA") VALUES (14, 'FESUJO0WIDR3SBJFC7SGK26BWKCVXW', 8, 9, 6, 1, 3, 17, 2);

INSERT INTO "UNIT_TESTING_RESULTS" ("UNIT_TESTING_NUMBER", "SYSTEM_NAME", "TOTAL_BUGS", "EVALUATION_REGRESSION_TESTING", "MOCK_OBJECT_NUMBER", "COVER_RATIO_UNIT_TESTS", "REPORTED_BUGS_NUMBER", "TOTAL_BUG_FIXES", "TESTING_DATA") VALUES (18, 'R24BNKA9HYTU7PEFLPPWT6VHRBM86K', 9, 16, 12, 5, 18, 7, 3);

INSERT INTO "UNIT_TESTING_RESULTS" ("UNIT_TESTING_NUMBER", "SYSTEM_NAME", "TOTAL_BUGS", "EVALUATION_REGRESSION_TESTING", "MOCK_OBJECT_NUMBER", "COVER_RATIO_UNIT_TESTS", "REPORTED_BUGS_NUMBER", "TOTAL_BUG_FIXES", "TESTING_DATA") VALUES (7, 'GR33MJE4X9RROHS1GAAPYUGNT3FBOS', 17, 12, 3, 11, 13, 4, 1);

INSERT INTO "UNIT_TESTING_RESULTS" ("UNIT_TESTING_NUMBER", "SYSTEM_NAME", "TOTAL_BUGS", "EVALUATION_REGRESSION_TESTING", "MOCK_OBJECT_NUMBER", "COVER_RATIO_UNIT_TESTS", "REPORTED_BUGS_NUMBER", "TOTAL_BUG_FIXES", "TESTING_DATA") VALUES (5, 'J 1QJHN6Y5P1X8I8W44OEEH3YKOETJ', 10, 2, 19, 7, 12, 2, 6);

INSERT INTO "UNIT_TESTING_RESULTS" ("UNIT_TESTING_NUMBER", "SYSTEM_NAME", "TOTAL_BUGS", "EVALUATION_REGRESSION_TESTING", "MOCK_OBJECT_NUMBER", "COVER_RATIO_UNIT_TESTS", "REPORTED_BUGS_NUMBER", "TOTAL_BUG_FIXES", "TESTING_DATA") VALUES (17, 'OLMP89Y0A5SBV97U6UM2FQU83F4ML6', 5, 18, 16, 6, 14, 9, 4);

INSERT INTO "UNIT_TESTING_RESULTS" ("UNIT_TESTING_NUMBER", "SYSTEM_NAME", "TOTAL_BUGS", "EVALUATION_REGRESSION_TESTING", "MOCK_OBJECT_NUMBER", "COVER_RATIO_UNIT_TESTS", "REPORTED_BUGS_NUMBER", "TOTAL_BUG_FIXES", "TESTING_DATA") VALUES (3, 'TQPSBAK3DU363DGU3LVSNXBTO70FHK', 1, 15, 18, 10, 16, 11, 0);

INSERT INTO "UNIT_TESTING_RESULTS" ("UNIT_TESTING_NUMBER", "SYSTEM_NAME", "TOTAL_BUGS", "EVALUATION_REGRESSION_TESTING", "MOCK_OBJECT_NUMBER", "COVER_RATIO_UNIT_TESTS", "REPORTED_BUGS_NUMBER", "TOTAL_BUG_FIXES", "TESTING_DATA") VALUES (13, 'KKE4796EFAWT PQ1J230BECUOL6WVG', 7, 3, 17, 16, 10, 6, 12);

INSERT INTO "UNIT_TESTING_RESULTS" ("UNIT_TESTING_NUMBER", "SYSTEM_NAME", "TOTAL_BUGS", "EVALUATION_REGRESSION_TESTING", "MOCK_OBJECT_NUMBER", "COVER_RATIO_UNIT_TESTS", "REPORTED_BUGS_NUMBER", "TOTAL_BUG_FIXES", "TESTING_DATA") VALUES (1, '64NXPJ0PFM44W79Y54 DY6IPR 82QD', 11, 17, 9, 18, 4, 18, 15);

INSERT INTO "UNIT_TESTING_RESULTS" ("UNIT_TESTING_NUMBER", "SYSTEM_NAME", "TOTAL_BUGS", "EVALUATION_REGRESSION_TESTING", "MOCK_OBJECT_NUMBER", "COVER_RATIO_UNIT_TESTS", "REPORTED_BUGS_NUMBER", "TOTAL_BUG_FIXES", "TESTING_DATA") VALUES (0, 'PO23MV1AEKWOW7TUP0JENMLNXMLKPF', 3, 14, 15, 4, 11, 12, 18);

INSERT INTO "UNIT_TESTING_RESULTS" ("UNIT_TESTING_NUMBER", "SYSTEM_NAME", "TOTAL_BUGS", "EVALUATION_REGRESSION_TESTING", "MOCK_OBJECT_NUMBER", "COVER_RATIO_UNIT_TESTS", "REPORTED_BUGS_NUMBER", "TOTAL_BUG_FIXES", "TESTING_DATA") VALUES (8, 'V8Y LCBCW81339VE93FOOQ8T0MHP6R', 6, 10, 13, 9, 9, 0, 7);

INSERT INTO "UNIT_TESTING_RESULTS" ("UNIT_TESTING_NUMBER", "SYSTEM_NAME", "TOTAL_BUGS", "EVALUATION_REGRESSION_TESTING", "MOCK_OBJECT_NUMBER", "COVER_RATIO_UNIT_TESTS", "REPORTED_BUGS_NUMBER", "TOTAL_BUG_FIXES", "TESTING_DATA") VALUES (4, 'M6AKH3VODJVS0B732V2W0J0 DCFOFG', 19, 13, 7, 15, 1, 8, 8);

INSERT INTO "UNIT_TESTING_RESULTS" ("UNIT_TESTING_NUMBER", "SYSTEM_NAME", "TOTAL_BUGS", "EVALUATION_REGRESSION_TESTING", "MOCK_OBJECT_NUMBER", "COVER_RATIO_UNIT_TESTS", "REPORTED_BUGS_NUMBER", "TOTAL_BUG_FIXES", "TESTING_DATA") VALUES (19, 'HVI5V4JHQ0F0QUR12YF15ND O2LU61', 18, 7, 8, 19, 15, 5, 13);

INSERT INTO "UNIT_TESTING_RESULTS" ("UNIT_TESTING_NUMBER", "SYSTEM_NAME", "TOTAL_BUGS", "EVALUATION_REGRESSION_TESTING", "MOCK_OBJECT_NUMBER", "COVER_RATIO_UNIT_TESTS", "REPORTED_BUGS_NUMBER", "TOTAL_BUG_FIXES", "TESTING_DATA") VALUES (12, 'F065QFM0RGL9XGFW8V4OSNKCW6GXE7', 12, 5, 0, 3, 5, 3, 14);

INSERT INTO "UNIT_TESTING_RESULTS" ("UNIT_TESTING_NUMBER", "SYSTEM_NAME", "TOTAL_BUGS", "EVALUATION_REGRESSION_TESTING", "MOCK_OBJECT_NUMBER", "COVER_RATIO_UNIT_TESTS", "REPORTED_BUGS_NUMBER", "TOTAL_BUG_FIXES", "TESTING_DATA") VALUES (2, 'SGLELXLBQ180KD9Y2WO6K2WPMFD1QI', 4, 1, 11, 17, 6, 16, 17);

INSERT INTO "UNIT_TESTING_RESULTS" ("UNIT_TESTING_NUMBER", "SYSTEM_NAME", "TOTAL_BUGS", "EVALUATION_REGRESSION_TESTING", "MOCK_OBJECT_NUMBER", "COVER_RATIO_UNIT_TESTS", "REPORTED_BUGS_NUMBER", "TOTAL_BUG_FIXES", "TESTING_DATA") VALUES (10, '2NW4FBOKBIJEE1ECSVUDS25 GGPYXA', 2, 6, 2, 14, 17, 15, 11);

INSERT INTO "UNIT_TESTING_RESULTS" ("UNIT_TESTING_NUMBER", "SYSTEM_NAME", "TOTAL_BUGS", "EVALUATION_REGRESSION_TESTING", "MOCK_OBJECT_NUMBER", "COVER_RATIO_UNIT_TESTS", "REPORTED_BUGS_NUMBER", "TOTAL_BUG_FIXES", "TESTING_DATA") VALUES (9, 'NSXMDUTD1F WIW73H6OS6DPJBBYHEH', 14, 11, 1, 12, 0, 19, 19);

INSERT INTO "SYSTEM_TESTING_RESULTS" ("SYSTEM_TESTING_NUMBER", "SYSTEM_NAME", "TOTAL_BUGS", "TOTAL_BUG_FIXES", "TESTING_DATE", "EVALUATION_USABILITY", "EXERCISE_TESTING_EVALUATION", "EVALUATION_UI", "EVALUATION_COMPATIBILITY", "EVALUATION_SAFETY", "EVALUATION_PERFORMANCE") VALUES (4, 'MB52B129Y671HS96JWQTB2VWBE6T29', 9, 8, 'LLF5IJJONL', 3, 4, 17, 7, 0, 12);

INSERT INTO "SYSTEM_TESTING_RESULTS" ("SYSTEM_TESTING_NUMBER", "SYSTEM_NAME", "TOTAL_BUGS", "TOTAL_BUG_FIXES", "TESTING_DATE", "EVALUATION_USABILITY", "EXERCISE_TESTING_EVALUATION", "EVALUATION_UI", "EVALUATION_COMPATIBILITY", "EVALUATION_SAFETY", "EVALUATION_PERFORMANCE") VALUES (19, '4F0219AMXDTI2VBKQFPHLHG7V3F4AN', 16, 14, '8528PPU2PX', 17, 16, 13, 3, 13, 8);

INSERT INTO "SYSTEM_TESTING_RESULTS" ("SYSTEM_TESTING_NUMBER", "SYSTEM_NAME", "TOTAL_BUGS", "TOTAL_BUG_FIXES", "TESTING_DATE", "EVALUATION_USABILITY", "EXERCISE_TESTING_EVALUATION", "EVALUATION_UI", "EVALUATION_COMPATIBILITY", "EVALUATION_SAFETY", "EVALUATION_PERFORMANCE") VALUES (10, 'R3RF5YDKGTG LFS4Y54W05RXKRT1FP', 12, 3, 'AQEIJW4T9B', 9, 0, 7, 0, 8, 18);

INSERT INTO "SYSTEM_TESTING_RESULTS" ("SYSTEM_TESTING_NUMBER", "SYSTEM_NAME", "TOTAL_BUGS", "TOTAL_BUG_FIXES", "TESTING_DATE", "EVALUATION_USABILITY", "EXERCISE_TESTING_EVALUATION", "EVALUATION_UI", "EVALUATION_COMPATIBILITY", "EVALUATION_SAFETY", "EVALUATION_PERFORMANCE") VALUES (6, '1LNM5B26U4P4F2Q19BTKJOF7HHQLB7', 4, 4, 'V32N1Q1JKK', 16, 5, 2, 19, 18, 13);

INSERT INTO "SYSTEM_TESTING_RESULTS" ("SYSTEM_TESTING_NUMBER", "SYSTEM_NAME", "TOTAL_BUGS", "TOTAL_BUG_FIXES", "TESTING_DATE", "EVALUATION_USABILITY", "EXERCISE_TESTING_EVALUATION", "EVALUATION_UI", "EVALUATION_COMPATIBILITY", "EVALUATION_SAFETY", "EVALUATION_PERFORMANCE") VALUES (9, 'V4R2HVHJICGR8ULKWXWE MEWNBUAJH', 1, 11, 'EPF1ND3BU2', 8, 14, 5, 13, 10, 0);

INSERT INTO "SYSTEM_TESTING_RESULTS" ("SYSTEM_TESTING_NUMBER", "SYSTEM_NAME", "TOTAL_BUGS", "TOTAL_BUG_FIXES", "TESTING_DATE", "EVALUATION_USABILITY", "EXERCISE_TESTING_EVALUATION", "EVALUATION_UI", "EVALUATION_COMPATIBILITY", "EVALUATION_SAFETY", "EVALUATION_PERFORMANCE") VALUES (8, '8RL3D4NFWKVG110E02SOBMW0TIEJ59', 0, 2, 'BN5AV9N8D6', 19, 13, 15, 9, 6, 10);

INSERT INTO "SYSTEM_TESTING_RESULTS" ("SYSTEM_TESTING_NUMBER", "SYSTEM_NAME", "TOTAL_BUGS", "TOTAL_BUG_FIXES", "TESTING_DATE", "EVALUATION_USABILITY", "EXERCISE_TESTING_EVALUATION", "EVALUATION_UI", "EVALUATION_COMPATIBILITY", "EVALUATION_SAFETY", "EVALUATION_PERFORMANCE") VALUES (1, 'KWWWG8HEYXAG9234EIC6XFEPR82IDX', 10, 16, 'CVSFMK2QDP', 7, 18, 8, 17, 5, 15);

INSERT INTO "SYSTEM_TESTING_RESULTS" ("SYSTEM_TESTING_NUMBER", "SYSTEM_NAME", "TOTAL_BUGS", "TOTAL_BUG_FIXES", "TESTING_DATE", "EVALUATION_USABILITY", "EXERCISE_TESTING_EVALUATION", "EVALUATION_UI", "EVALUATION_COMPATIBILITY", "EVALUATION_SAFETY", "EVALUATION_PERFORMANCE") VALUES (16, 'JC3HD3XJG294JQJ15QRIRJPA31IHWW', 5, 15, 'PIQ2U1EI4X', 18, 9, 1, 6, 14, 2);

INSERT INTO "SYSTEM_TESTING_RESULTS" ("SYSTEM_TESTING_NUMBER", "SYSTEM_NAME", "TOTAL_BUGS", "TOTAL_BUG_FIXES", "TESTING_DATE", "EVALUATION_USABILITY", "EXERCISE_TESTING_EVALUATION", "EVALUATION_UI", "EVALUATION_COMPATIBILITY", "EVALUATION_SAFETY", "EVALUATION_PERFORMANCE") VALUES (7, 'S MX4E5Y99TSRL8YCLW QK6SEOHMMP', 13, 7, 'NHC41PMOQ9', 10, 10, 4, 8, 7, 17);

INSERT INTO "SYSTEM_TESTING_RESULTS" ("SYSTEM_TESTING_NUMBER", "SYSTEM_NAME", "TOTAL_BUGS", "TOTAL_BUG_FIXES", "TESTING_DATE", "EVALUATION_USABILITY", "EXERCISE_TESTING_EVALUATION", "EVALUATION_UI", "EVALUATION_COMPATIBILITY", "EVALUATION_SAFETY", "EVALUATION_PERFORMANCE") VALUES (11, 'PQTK7 2QH6SW9Q5OMLB68NIK2L77UU', 7, 17, ' 3W0T0GVHT', 12, 7, 16, 5, 4, 11);

INSERT INTO "SYSTEM_TESTING_RESULTS" ("SYSTEM_TESTING_NUMBER", "SYSTEM_NAME", "TOTAL_BUGS", "TOTAL_BUG_FIXES", "TESTING_DATE", "EVALUATION_USABILITY", "EXERCISE_TESTING_EVALUATION", "EVALUATION_UI", "EVALUATION_COMPATIBILITY", "EVALUATION_SAFETY", "EVALUATION_PERFORMANCE") VALUES (12, 'YLK1IS7 P86GLALPEGKAWK3XJ6MP8V', 8, 9, '4C6GT S2FK', 4, 15, 11, 1, 16, 1);

INSERT INTO "SYSTEM_TESTING_RESULTS" ("SYSTEM_TESTING_NUMBER", "SYSTEM_NAME", "TOTAL_BUGS", "TOTAL_BUG_FIXES", "TESTING_DATE", "EVALUATION_USABILITY", "EXERCISE_TESTING_EVALUATION", "EVALUATION_UI", "EVALUATION_COMPATIBILITY", "EVALUATION_SAFETY", "EVALUATION_PERFORMANCE") VALUES (2, 'LRPP6YS0OYBIRIRHUW0WMNIQNMSWPU', 17, 12, 'AR33QLPJP5', 1, 11, 0, 16, 17, 19);

INSERT INTO "SYSTEM_TESTING_RESULTS" ("SYSTEM_TESTING_NUMBER", "SYSTEM_NAME", "TOTAL_BUGS", "TOTAL_BUG_FIXES", "TESTING_DATE", "EVALUATION_USABILITY", "EXERCISE_TESTING_EVALUATION", "EVALUATION_UI", "EVALUATION_COMPATIBILITY", "EVALUATION_SAFETY", "EVALUATION_PERFORMANCE") VALUES (0, 'HVBWKBWMJXUEHXE39U45TN BI281LY', 6, 5, '9YCDBCRM9G', 6, 1, 10, 18, 1, 14);

INSERT INTO "SYSTEM_TESTING_RESULTS" ("SYSTEM_TESTING_NUMBER", "SYSTEM_NAME", "TOTAL_BUGS", "TOTAL_BUG_FIXES", "TESTING_DATE", "EVALUATION_USABILITY", "EXERCISE_TESTING_EVALUATION", "EVALUATION_UI", "EVALUATION_COMPATIBILITY", "EVALUATION_SAFETY", "EVALUATION_PERFORMANCE") VALUES (18, 'SSUPPBLIT5II5E9MW1X1SS36IY24B ', 19, 13, 'LY1GGBJ90X', 2, 6, 18, 11, 15, 7);

INSERT INTO "SYSTEM_TESTING_RESULTS" ("SYSTEM_TESTING_NUMBER", "SYSTEM_NAME", "TOTAL_BUGS", "TOTAL_BUG_FIXES", "TESTING_DATE", "EVALUATION_USABILITY", "EXERCISE_TESTING_EVALUATION", "EVALUATION_UI", "EVALUATION_COMPATIBILITY", "EVALUATION_SAFETY", "EVALUATION_PERFORMANCE") VALUES (17, 'NF0D76OL74JRDX3K3IQ5K 9OIPQACR', 3, 19, 'K9I4JWQLPD', 0, 12, 14, 10, 3, 16);

INSERT INTO "SYSTEM_TESTING_RESULTS" ("SYSTEM_TESTING_NUMBER", "SYSTEM_NAME", "TOTAL_BUGS", "TOTAL_BUG_FIXES", "TESTING_DATE", "EVALUATION_USABILITY", "EXERCISE_TESTING_EVALUATION", "EVALUATION_UI", "EVALUATION_COMPATIBILITY", "EVALUATION_SAFETY", "EVALUATION_PERFORMANCE") VALUES (13, 'JV536E8C8VCSHOQRF2TA1AUW674BT2', 18, 1, 'PCJSDM5HWI', 5, 2, 19, 15, 9, 9);

INSERT INTO "SYSTEM_TESTING_RESULTS" ("SYSTEM_TESTING_NUMBER", "SYSTEM_NAME", "TOTAL_BUGS", "TOTAL_BUG_FIXES", "TESTING_DATE", "EVALUATION_USABILITY", "EXERCISE_TESTING_EVALUATION", "EVALUATION_UI", "EVALUATION_COMPATIBILITY", "EVALUATION_SAFETY", "EVALUATION_PERFORMANCE") VALUES (5, 'B5MJMKRRKLMS9YL61R HPHLBCABAER', 11, 0, 'DI90U1V7L0', 13, 3, 3, 4, 2, 3);

INSERT INTO "SYSTEM_TESTING_RESULTS" ("SYSTEM_TESTING_NUMBER", "SYSTEM_NAME", "TOTAL_BUGS", "TOTAL_BUG_FIXES", "TESTING_DATE", "EVALUATION_USABILITY", "EXERCISE_TESTING_EVALUATION", "EVALUATION_UI", "EVALUATION_COMPATIBILITY", "EVALUATION_SAFETY", "EVALUATION_PERFORMANCE") VALUES (15, 'K0 QKH08UESI6KLSKIP1S3ECU6JWLD', 15, 6, 'I015IBB7Q8', 11, 8, 9, 2, 19, 4);

INSERT INTO "SYSTEM_TESTING_RESULTS" ("SYSTEM_TESTING_NUMBER", "SYSTEM_NAME", "TOTAL_BUGS", "TOTAL_BUG_FIXES", "TESTING_DATE", "EVALUATION_USABILITY", "EXERCISE_TESTING_EVALUATION", "EVALUATION_UI", "EVALUATION_COMPATIBILITY", "EVALUATION_SAFETY", "EVALUATION_PERFORMANCE") VALUES (14, 'ANI 67GMQ886A0FXI9O 0X0L WXTVS', 2, 10, '1JQYPH3XDV', 15, 17, 6, 14, 11, 6);

INSERT INTO "SYSTEM_TESTING_RESULTS" ("SYSTEM_TESTING_NUMBER", "SYSTEM_NAME", "TOTAL_BUGS", "TOTAL_BUG_FIXES", "TESTING_DATE", "EVALUATION_USABILITY", "EXERCISE_TESTING_EVALUATION", "EVALUATION_UI", "EVALUATION_COMPATIBILITY", "EVALUATION_SAFETY", "EVALUATION_PERFORMANCE") VALUES (3, '4H0DQSLLJGHIC4GB 2F6W 62 8X0J8', 14, 18, '802EDCQTGE', 14, 19, 12, 12, 12, 5);

INSERT INTO "IMPLEMENTATION_PLAN" ("IMPLEMENTATION_PLAN_NUMBER", "IMPLEMENTATION_PLAN_NAME", "IMPLEMENTATION_DATE", "EXPECTED_INCOME", "STABILITY", "TOTAL_BUGS", "TOTAL_USER_ESTIMATION") VALUES (6, '2DBDQ9P16CS3C4E62APAVF6CSDFOK7', 'J3LYIKNYWG', 18, 9, 17, 10);

INSERT INTO "IMPLEMENTATION_PLAN" ("IMPLEMENTATION_PLAN_NUMBER", "IMPLEMENTATION_PLAN_NAME", "IMPLEMENTATION_DATE", "EXPECTED_INCOME", "STABILITY", "TOTAL_BUGS", "TOTAL_USER_ESTIMATION") VALUES (1, '3NE58F676R0 IME83ET7C 8IY93O30', 'WWHSRIYF7K', 7, 17, 9, 11);

INSERT INTO "IMPLEMENTATION_PLAN" ("IMPLEMENTATION_PLAN_NUMBER", "IMPLEMENTATION_PLAN_NAME", "IMPLEMENTATION_DATE", "EXPECTED_INCOME", "STABILITY", "TOTAL_BUGS", "TOTAL_USER_ESTIMATION") VALUES (7, 'KO62BFGN9KVWSDX70O1RATPIB2D90E', 'SPGK6SD0J3', 19, 3, 7, 3);

INSERT INTO "IMPLEMENTATION_PLAN" ("IMPLEMENTATION_PLAN_NUMBER", "IMPLEMENTATION_PLAN_NAME", "IMPLEMENTATION_DATE", "EXPECTED_INCOME", "STABILITY", "TOTAL_BUGS", "TOTAL_USER_ESTIMATION") VALUES (4, 'A1P2PACWP9UF Y1DF447WMCAPNWAB2', '07TLAL1M8K', 14, 6, 16, 9);

INSERT INTO "IMPLEMENTATION_PLAN" ("IMPLEMENTATION_PLAN_NUMBER", "IMPLEMENTATION_PLAN_NAME", "IMPLEMENTATION_DATE", "EXPECTED_INCOME", "STABILITY", "TOTAL_BUGS", "TOTAL_USER_ESTIMATION") VALUES (18, 'FTUKEI0NMCP869AW7WBJD37R WK0AG', 'UQX94C2V94', 17, 5, 12, 18);

INSERT INTO "IMPLEMENTATION_PLAN" ("IMPLEMENTATION_PLAN_NUMBER", "IMPLEMENTATION_PLAN_NAME", "IMPLEMENTATION_DATE", "EXPECTED_INCOME", "STABILITY", "TOTAL_BUGS", "TOTAL_USER_ESTIMATION") VALUES (11, '8I3X2YVHQDXO5WP4 FE0V M4UPS3FI', 'VVS229EMAS', 8, 8, 2, 4);

INSERT INTO "IMPLEMENTATION_PLAN" ("IMPLEMENTATION_PLAN_NUMBER", "IMPLEMENTATION_PLAN_NAME", "IMPLEMENTATION_DATE", "EXPECTED_INCOME", "STABILITY", "TOTAL_BUGS", "TOTAL_USER_ESTIMATION") VALUES (12, '0C17EP7SK20BRRLRYKM3BOA5UL3S28', 'S6AVMKXGND', 1, 2, 1, 2);

INSERT INTO "IMPLEMENTATION_PLAN" ("IMPLEMENTATION_PLAN_NUMBER", "IMPLEMENTATION_PLAN_NAME", "IMPLEMENTATION_DATE", "EXPECTED_INCOME", "STABILITY", "TOTAL_BUGS", "TOTAL_USER_ESTIMATION") VALUES (19, '8ENAYKG8B00UD86JHPNN84D0L45DP3', 'Y5POH9BNL1', 0, 0, 3, 0);

INSERT INTO "IMPLEMENTATION_PLAN" ("IMPLEMENTATION_PLAN_NUMBER", "IMPLEMENTATION_PLAN_NAME", "IMPLEMENTATION_DATE", "EXPECTED_INCOME", "STABILITY", "TOTAL_BUGS", "TOTAL_USER_ESTIMATION") VALUES (15, 'RS 424QR KHQXWPMYY7UP15MM2S7UT', 'S4IDIA L4J', 10, 13, 18, 14);

INSERT INTO "IMPLEMENTATION_PLAN" ("IMPLEMENTATION_PLAN_NUMBER", "IMPLEMENTATION_PLAN_NAME", "IMPLEMENTATION_DATE", "EXPECTED_INCOME", "STABILITY", "TOTAL_BUGS", "TOTAL_USER_ESTIMATION") VALUES (16, 'TKF8GG69GQBTMH7WDRI 1L3U8FSYQ ', '8PO0HE6BR6', 2, 19, 10, 12);

INSERT INTO "IMPLEMENTATION_PLAN" ("IMPLEMENTATION_PLAN_NUMBER", "IMPLEMENTATION_PLAN_NAME", "IMPLEMENTATION_DATE", "EXPECTED_INCOME", "STABILITY", "TOTAL_BUGS", "TOTAL_USER_ESTIMATION") VALUES (13, 'DUVSC3EG4LM7K4J U 2OYO7L2QN67V', 'KECDOYYWD7', 15, 11, 15, 8);

INSERT INTO "IMPLEMENTATION_PLAN" ("IMPLEMENTATION_PLAN_NUMBER", "IMPLEMENTATION_PLAN_NAME", "IMPLEMENTATION_DATE", "EXPECTED_INCOME", "STABILITY", "TOTAL_BUGS", "TOTAL_USER_ESTIMATION") VALUES (0, '9DCWWAFUGF4K5QCM081WX8 3QVX 19', '8NYK3MJXNE', 3, 14, 14, 6);

INSERT INTO "IMPLEMENTATION_PLAN" ("IMPLEMENTATION_PLAN_NUMBER", "IMPLEMENTATION_PLAN_NAME", "IMPLEMENTATION_DATE", "EXPECTED_INCOME", "STABILITY", "TOTAL_BUGS", "TOTAL_USER_ESTIMATION") VALUES (14, 'W 0IIX697360N6CM2KNK3VI10AON69', '5EV6AKX00R', 11, 18, 13, 19);

INSERT INTO "IMPLEMENTATION_PLAN" ("IMPLEMENTATION_PLAN_NUMBER", "IMPLEMENTATION_PLAN_NAME", "IMPLEMENTATION_DATE", "EXPECTED_INCOME", "STABILITY", "TOTAL_BUGS", "TOTAL_USER_ESTIMATION") VALUES (2, 'EVKIMUTFHPWG019XXWP52JKNRI1EXG', 'B8OAT86O6Y', 9, 16, 11, 1);

INSERT INTO "IMPLEMENTATION_PLAN" ("IMPLEMENTATION_PLAN_NUMBER", "IMPLEMENTATION_PLAN_NAME", "IMPLEMENTATION_DATE", "EXPECTED_INCOME", "STABILITY", "TOTAL_BUGS", "TOTAL_USER_ESTIMATION") VALUES (3, 'IW5 JOM4AH FEJBQPT1HYON12J1TTJ', '6GPL91U 1N', 5, 10, 6, 7);

INSERT INTO "IMPLEMENTATION_PLAN" ("IMPLEMENTATION_PLAN_NUMBER", "IMPLEMENTATION_PLAN_NAME", "IMPLEMENTATION_DATE", "EXPECTED_INCOME", "STABILITY", "TOTAL_BUGS", "TOTAL_USER_ESTIMATION") VALUES (9, 'A3QO6DTSDB6L6 8 DJUH6 3ET7EC3X', 'GSFM6EDUU9', 4, 7, 5, 13);

INSERT INTO "IMPLEMENTATION_PLAN" ("IMPLEMENTATION_PLAN_NUMBER", "IMPLEMENTATION_PLAN_NAME", "IMPLEMENTATION_DATE", "EXPECTED_INCOME", "STABILITY", "TOTAL_BUGS", "TOTAL_USER_ESTIMATION") VALUES (17, 'PXIORYOJ057RVW3RKIB7R0CU4NUHIH', 'OAOVIOQXOJ', 12, 12, 0, 17);

INSERT INTO "IMPLEMENTATION_PLAN" ("IMPLEMENTATION_PLAN_NUMBER", "IMPLEMENTATION_PLAN_NAME", "IMPLEMENTATION_DATE", "EXPECTED_INCOME", "STABILITY", "TOTAL_BUGS", "TOTAL_USER_ESTIMATION") VALUES (10, '4KOQ6KSJATG3D X02VAV9PN0V9NTWJ', '2MHNKXUTD ', 16, 4, 19, 15);

INSERT INTO "IMPLEMENTATION_PLAN" ("IMPLEMENTATION_PLAN_NUMBER", "IMPLEMENTATION_PLAN_NAME", "IMPLEMENTATION_DATE", "EXPECTED_INCOME", "STABILITY", "TOTAL_BUGS", "TOTAL_USER_ESTIMATION") VALUES (5, 'LSOBE8TF3W2A3 0U03V9UR6CVNH7 8', 'TLOLOG3OMM', 13, 1, 4, 16);

INSERT INTO "IMPLEMENTATION_PLAN" ("IMPLEMENTATION_PLAN_NUMBER", "IMPLEMENTATION_PLAN_NAME", "IMPLEMENTATION_DATE", "EXPECTED_INCOME", "STABILITY", "TOTAL_BUGS", "TOTAL_USER_ESTIMATION") VALUES (8, '1FUQQF9NX72YHVJ84G TQLE  PYMDH', 'J0TN9TGS8D', 6, 15, 8, 5);

INSERT INTO "INTRODUCING_RESULTS" ("INTRODUCING_RESULT_NUMBER", "INTRODUCING_RESULT_DATE", "TOTAL_BUGS", "TOTAL_USER_ESTIMATION", "FUNDS_SPENT_ON_IMPLEMENTATION", "STABILITY", "PRELIMINARY_INCOME") VALUES (12, '8YSUWLSIAA', 4, 1, 14, 4, 10);

INSERT INTO "INTRODUCING_RESULTS" ("INTRODUCING_RESULT_NUMBER", "INTRODUCING_RESULT_DATE", "TOTAL_BUGS", "TOTAL_USER_ESTIMATION", "FUNDS_SPENT_ON_IMPLEMENTATION", "STABILITY", "PRELIMINARY_INCOME") VALUES (6, '3I50OMUVWA', 14, 15, 18, 11, 4);

INSERT INTO "INTRODUCING_RESULTS" ("INTRODUCING_RESULT_NUMBER", "INTRODUCING_RESULT_DATE", "TOTAL_BUGS", "TOTAL_USER_ESTIMATION", "FUNDS_SPENT_ON_IMPLEMENTATION", "STABILITY", "PRELIMINARY_INCOME") VALUES (14, '0KMD4KFTH3', 16, 7, 12, 8, 8);

INSERT INTO "INTRODUCING_RESULTS" ("INTRODUCING_RESULT_NUMBER", "INTRODUCING_RESULT_DATE", "TOTAL_BUGS", "TOTAL_USER_ESTIMATION", "FUNDS_SPENT_ON_IMPLEMENTATION", "STABILITY", "PRELIMINARY_INCOME") VALUES (9, '2CMQLCOICP', 7, 14, 15, 5, 3);

INSERT INTO "INTRODUCING_RESULTS" ("INTRODUCING_RESULT_NUMBER", "INTRODUCING_RESULT_DATE", "TOTAL_BUGS", "TOTAL_USER_ESTIMATION", "FUNDS_SPENT_ON_IMPLEMENTATION", "STABILITY", "PRELIMINARY_INCOME") VALUES (8, 'II1QXRN1EE', 0, 3, 3, 9, 1);

INSERT INTO "INTRODUCING_RESULTS" ("INTRODUCING_RESULT_NUMBER", "INTRODUCING_RESULT_DATE", "TOTAL_BUGS", "TOTAL_USER_ESTIMATION", "FUNDS_SPENT_ON_IMPLEMENTATION", "STABILITY", "PRELIMINARY_INCOME") VALUES (0, 'LOEXASTOPT', 5, 12, 13, 14, 2);

INSERT INTO "INTRODUCING_RESULTS" ("INTRODUCING_RESULT_NUMBER", "INTRODUCING_RESULT_DATE", "TOTAL_BUGS", "TOTAL_USER_ESTIMATION", "FUNDS_SPENT_ON_IMPLEMENTATION", "STABILITY", "PRELIMINARY_INCOME") VALUES (19, 'E6YDA974C7', 8, 11, 6, 10, 19);

INSERT INTO "INTRODUCING_RESULTS" ("INTRODUCING_RESULT_NUMBER", "INTRODUCING_RESULT_DATE", "TOTAL_BUGS", "TOTAL_USER_ESTIMATION", "FUNDS_SPENT_ON_IMPLEMENTATION", "STABILITY", "PRELIMINARY_INCOME") VALUES (13, '7O3EVI6L0M', 1, 2, 1, 1, 7);

INSERT INTO "INTRODUCING_RESULTS" ("INTRODUCING_RESULT_NUMBER", "INTRODUCING_RESULT_DATE", "TOTAL_BUGS", "TOTAL_USER_ESTIMATION", "FUNDS_SPENT_ON_IMPLEMENTATION", "STABILITY", "PRELIMINARY_INCOME") VALUES (3, 'MRI9M9DRAD', 17, 17, 17, 12, 17);

INSERT INTO "INTRODUCING_RESULTS" ("INTRODUCING_RESULT_NUMBER", "INTRODUCING_RESULT_DATE", "TOTAL_BUGS", "TOTAL_USER_ESTIMATION", "FUNDS_SPENT_ON_IMPLEMENTATION", "STABILITY", "PRELIMINARY_INCOME") VALUES (15, 'SVW5D760HW', 13, 10, 9, 13, 0);

INSERT INTO "INTRODUCING_RESULTS" ("INTRODUCING_RESULT_NUMBER", "INTRODUCING_RESULT_DATE", "TOTAL_BUGS", "TOTAL_USER_ESTIMATION", "FUNDS_SPENT_ON_IMPLEMENTATION", "STABILITY", "PRELIMINARY_INCOME") VALUES (16, '70SGADN0QB', 10, 13, 5, 7, 11);

INSERT INTO "INTRODUCING_RESULTS" ("INTRODUCING_RESULT_NUMBER", "INTRODUCING_RESULT_DATE", "TOTAL_BUGS", "TOTAL_USER_ESTIMATION", "FUNDS_SPENT_ON_IMPLEMENTATION", "STABILITY", "PRELIMINARY_INCOME") VALUES (17, 'GGCJ3Y886S', 11, 18, 19, 19, 9);

INSERT INTO "INTRODUCING_RESULTS" ("INTRODUCING_RESULT_NUMBER", "INTRODUCING_RESULT_DATE", "TOTAL_BUGS", "TOTAL_USER_ESTIMATION", "FUNDS_SPENT_ON_IMPLEMENTATION", "STABILITY", "PRELIMINARY_INCOME") VALUES (2, '7QRXHQD04R', 12, 4, 16, 0, 14);

INSERT INTO "INTRODUCING_RESULTS" ("INTRODUCING_RESULT_NUMBER", "INTRODUCING_RESULT_DATE", "TOTAL_BUGS", "TOTAL_USER_ESTIMATION", "FUNDS_SPENT_ON_IMPLEMENTATION", "STABILITY", "PRELIMINARY_INCOME") VALUES (10, 'GU Y72B3JX', 6, 0, 0, 17, 16);

INSERT INTO "INTRODUCING_RESULTS" ("INTRODUCING_RESULT_NUMBER", "INTRODUCING_RESULT_DATE", "TOTAL_BUGS", "TOTAL_USER_ESTIMATION", "FUNDS_SPENT_ON_IMPLEMENTATION", "STABILITY", "PRELIMINARY_INCOME") VALUES (7, 'QLCPDOX75A', 15, 16, 4, 3, 6);

INSERT INTO "INTRODUCING_RESULTS" ("INTRODUCING_RESULT_NUMBER", "INTRODUCING_RESULT_DATE", "TOTAL_BUGS", "TOTAL_USER_ESTIMATION", "FUNDS_SPENT_ON_IMPLEMENTATION", "STABILITY", "PRELIMINARY_INCOME") VALUES (5, 'KE90VE1GN ', 19, 8, 7, 2, 18);

INSERT INTO "INTRODUCING_RESULTS" ("INTRODUCING_RESULT_NUMBER", "INTRODUCING_RESULT_DATE", "TOTAL_BUGS", "TOTAL_USER_ESTIMATION", "FUNDS_SPENT_ON_IMPLEMENTATION", "STABILITY", "PRELIMINARY_INCOME") VALUES (4, 'IBH2EJ1F4R', 9, 5, 10, 16, 15);

INSERT INTO "INTRODUCING_RESULTS" ("INTRODUCING_RESULT_NUMBER", "INTRODUCING_RESULT_DATE", "TOTAL_BUGS", "TOTAL_USER_ESTIMATION", "FUNDS_SPENT_ON_IMPLEMENTATION", "STABILITY", "PRELIMINARY_INCOME") VALUES (18, '1L11R70M78', 3, 6, 8, 6, 12);

INSERT INTO "INTRODUCING_RESULTS" ("INTRODUCING_RESULT_NUMBER", "INTRODUCING_RESULT_DATE", "TOTAL_BUGS", "TOTAL_USER_ESTIMATION", "FUNDS_SPENT_ON_IMPLEMENTATION", "STABILITY", "PRELIMINARY_INCOME") VALUES (1, 'F829YV3RDB', 18, 9, 11, 18, 5);

INSERT INTO "INTRODUCING_RESULTS" ("INTRODUCING_RESULT_NUMBER", "INTRODUCING_RESULT_DATE", "TOTAL_BUGS", "TOTAL_USER_ESTIMATION", "FUNDS_SPENT_ON_IMPLEMENTATION", "STABILITY", "PRELIMINARY_INCOME") VALUES (11, 'S0B9XJ1YC2', 2, 19, 2, 15, 13);

INSERT INTO "INTERNAL_TESTING_RESULTS" ("INTERNAL_RESULTS_NUMBER", "INTERNAL_RESULTS_DATE", "SYSTEM_TESTING_NUMBER", "UNIT_TESTING_NUMBER", "USER_RATING", "PERCENT_EFFICIENCY_SOFTWARE", "FIXES_BUGS_PERCENT", "CRITICAL_STRIKE_CHANCE_BUG", "AVAILABILITY_MAJOR_BUGS") VALUES (0, '6KGWF SVAQ', 4, 11, 15, 16, 10, 7, 1);

INSERT INTO "INTERNAL_TESTING_RESULTS" ("INTERNAL_RESULTS_NUMBER", "INTERNAL_RESULTS_DATE", "SYSTEM_TESTING_NUMBER", "UNIT_TESTING_NUMBER", "USER_RATING", "PERCENT_EFFICIENCY_SOFTWARE", "FIXES_BUGS_PERCENT", "CRITICAL_STRIKE_CHANCE_BUG", "AVAILABILITY_MAJOR_BUGS") VALUES (19, 'TG CE9FV1B', 17, 3, 1, 14, 14, 19, 9);

INSERT INTO "INTERNAL_TESTING_RESULTS" ("INTERNAL_RESULTS_NUMBER", "INTERNAL_RESULTS_DATE", "SYSTEM_TESTING_NUMBER", "UNIT_TESTING_NUMBER", "USER_RATING", "PERCENT_EFFICIENCY_SOFTWARE", "FIXES_BUGS_PERCENT", "CRITICAL_STRIKE_CHANCE_BUG", "AVAILABILITY_MAJOR_BUGS") VALUES (10, 'RXJUDG1S54', 15, 3, 3, 1, 3, 9, 17);

INSERT INTO "INTERNAL_TESTING_RESULTS" ("INTERNAL_RESULTS_NUMBER", "INTERNAL_RESULTS_DATE", "SYSTEM_TESTING_NUMBER", "UNIT_TESTING_NUMBER", "USER_RATING", "PERCENT_EFFICIENCY_SOFTWARE", "FIXES_BUGS_PERCENT", "CRITICAL_STRIKE_CHANCE_BUG", "AVAILABILITY_MAJOR_BUGS") VALUES (13, 'QF5VWLN0UO', 10, 14, 0, 0, 15, 0, 6);

INSERT INTO "INTERNAL_TESTING_RESULTS" ("INTERNAL_RESULTS_NUMBER", "INTERNAL_RESULTS_DATE", "SYSTEM_TESTING_NUMBER", "UNIT_TESTING_NUMBER", "USER_RATING", "PERCENT_EFFICIENCY_SOFTWARE", "FIXES_BUGS_PERCENT", "CRITICAL_STRIKE_CHANCE_BUG", "AVAILABILITY_MAJOR_BUGS") VALUES (9, 'I387HRBY18', 11, 4, 16, 8, 6, 4, 11);

INSERT INTO "INTERNAL_TESTING_RESULTS" ("INTERNAL_RESULTS_NUMBER", "INTERNAL_RESULTS_DATE", "SYSTEM_TESTING_NUMBER", "UNIT_TESTING_NUMBER", "USER_RATING", "PERCENT_EFFICIENCY_SOFTWARE", "FIXES_BUGS_PERCENT", "CRITICAL_STRIKE_CHANCE_BUG", "AVAILABILITY_MAJOR_BUGS") VALUES (2, 'ID5F6IV5PT', 4, 13, 17, 4, 8, 10, 15);

INSERT INTO "INTERNAL_TESTING_RESULTS" ("INTERNAL_RESULTS_NUMBER", "INTERNAL_RESULTS_DATE", "SYSTEM_TESTING_NUMBER", "UNIT_TESTING_NUMBER", "USER_RATING", "PERCENT_EFFICIENCY_SOFTWARE", "FIXES_BUGS_PERCENT", "CRITICAL_STRIKE_CHANCE_BUG", "AVAILABILITY_MAJOR_BUGS") VALUES (11, 'IRPM5JTXEY', 0, 17, 13, 13, 0, 13, 16);

INSERT INTO "INTERNAL_TESTING_RESULTS" ("INTERNAL_RESULTS_NUMBER", "INTERNAL_RESULTS_DATE", "SYSTEM_TESTING_NUMBER", "UNIT_TESTING_NUMBER", "USER_RATING", "PERCENT_EFFICIENCY_SOFTWARE", "FIXES_BUGS_PERCENT", "CRITICAL_STRIKE_CHANCE_BUG", "AVAILABILITY_MAJOR_BUGS") VALUES (5, 'JY PTP1YL0', 16, 12, 11, 15, 17, 15, 10);

INSERT INTO "INTERNAL_TESTING_RESULTS" ("INTERNAL_RESULTS_NUMBER", "INTERNAL_RESULTS_DATE", "SYSTEM_TESTING_NUMBER", "UNIT_TESTING_NUMBER", "USER_RATING", "PERCENT_EFFICIENCY_SOFTWARE", "FIXES_BUGS_PERCENT", "CRITICAL_STRIKE_CHANCE_BUG", "AVAILABILITY_MAJOR_BUGS") VALUES (12, '2UCPWGIQ 6', 14, 2, 19, 3, 13, 12, 18);

INSERT INTO "INTERNAL_TESTING_RESULTS" ("INTERNAL_RESULTS_NUMBER", "INTERNAL_RESULTS_DATE", "SYSTEM_TESTING_NUMBER", "UNIT_TESTING_NUMBER", "USER_RATING", "PERCENT_EFFICIENCY_SOFTWARE", "FIXES_BUGS_PERCENT", "CRITICAL_STRIKE_CHANCE_BUG", "AVAILABILITY_MAJOR_BUGS") VALUES (17, '0DA6R71BA2', 11, 10, 9, 10, 19, 17, 13);

INSERT INTO "INTERNAL_TESTING_RESULTS" ("INTERNAL_RESULTS_NUMBER", "INTERNAL_RESULTS_DATE", "SYSTEM_TESTING_NUMBER", "UNIT_TESTING_NUMBER", "USER_RATING", "PERCENT_EFFICIENCY_SOFTWARE", "FIXES_BUGS_PERCENT", "CRITICAL_STRIKE_CHANCE_BUG", "AVAILABILITY_MAJOR_BUGS") VALUES (3, 'KHEFPT2MVP', 4, 0, 14, 9, 12, 2, 5);

INSERT INTO "INTERNAL_TESTING_RESULTS" ("INTERNAL_RESULTS_NUMBER", "INTERNAL_RESULTS_DATE", "SYSTEM_TESTING_NUMBER", "UNIT_TESTING_NUMBER", "USER_RATING", "PERCENT_EFFICIENCY_SOFTWARE", "FIXES_BUGS_PERCENT", "CRITICAL_STRIKE_CHANCE_BUG", "AVAILABILITY_MAJOR_BUGS") VALUES (8, 'DCYSQTR1GX', 9, 17, 18, 5, 11, 3, 0);

INSERT INTO "INTERNAL_TESTING_RESULTS" ("INTERNAL_RESULTS_NUMBER", "INTERNAL_RESULTS_DATE", "SYSTEM_TESTING_NUMBER", "UNIT_TESTING_NUMBER", "USER_RATING", "PERCENT_EFFICIENCY_SOFTWARE", "FIXES_BUGS_PERCENT", "CRITICAL_STRIKE_CHANCE_BUG", "AVAILABILITY_MAJOR_BUGS") VALUES (7, 'TI4 24YARG', 4, 0, 7, 11, 16, 1, 2);

INSERT INTO "INTERNAL_TESTING_RESULTS" ("INTERNAL_RESULTS_NUMBER", "INTERNAL_RESULTS_DATE", "SYSTEM_TESTING_NUMBER", "UNIT_TESTING_NUMBER", "USER_RATING", "PERCENT_EFFICIENCY_SOFTWARE", "FIXES_BUGS_PERCENT", "CRITICAL_STRIKE_CHANCE_BUG", "AVAILABILITY_MAJOR_BUGS") VALUES (16, 'MHP5APQS Y', 6, 6, 4, 6, 4, 8, 12);

INSERT INTO "INTERNAL_TESTING_RESULTS" ("INTERNAL_RESULTS_NUMBER", "INTERNAL_RESULTS_DATE", "SYSTEM_TESTING_NUMBER", "UNIT_TESTING_NUMBER", "USER_RATING", "PERCENT_EFFICIENCY_SOFTWARE", "FIXES_BUGS_PERCENT", "CRITICAL_STRIKE_CHANCE_BUG", "AVAILABILITY_MAJOR_BUGS") VALUES (4, '7M83EGGCSA', 15, 7, 8, 18, 7, 11, 4);

INSERT INTO "INTERNAL_TESTING_RESULTS" ("INTERNAL_RESULTS_NUMBER", "INTERNAL_RESULTS_DATE", "SYSTEM_TESTING_NUMBER", "UNIT_TESTING_NUMBER", "USER_RATING", "PERCENT_EFFICIENCY_SOFTWARE", "FIXES_BUGS_PERCENT", "CRITICAL_STRIKE_CHANCE_BUG", "AVAILABILITY_MAJOR_BUGS") VALUES (15, 'WJLR6RI4 0', 13, 1, 10, 7, 18, 6, 14);

INSERT INTO "INTERNAL_TESTING_RESULTS" ("INTERNAL_RESULTS_NUMBER", "INTERNAL_RESULTS_DATE", "SYSTEM_TESTING_NUMBER", "UNIT_TESTING_NUMBER", "USER_RATING", "PERCENT_EFFICIENCY_SOFTWARE", "FIXES_BUGS_PERCENT", "CRITICAL_STRIKE_CHANCE_BUG", "AVAILABILITY_MAJOR_BUGS") VALUES (14, 'NKPQ5HBDJF', 0, 2, 2, 12, 2, 14, 3);

INSERT INTO "INTERNAL_TESTING_RESULTS" ("INTERNAL_RESULTS_NUMBER", "INTERNAL_RESULTS_DATE", "SYSTEM_TESTING_NUMBER", "UNIT_TESTING_NUMBER", "USER_RATING", "PERCENT_EFFICIENCY_SOFTWARE", "FIXES_BUGS_PERCENT", "CRITICAL_STRIKE_CHANCE_BUG", "AVAILABILITY_MAJOR_BUGS") VALUES (1, 'WJGDT3HXGJ', 15, 16, 5, 19, 9, 18, 19);

INSERT INTO "INTERNAL_TESTING_RESULTS" ("INTERNAL_RESULTS_NUMBER", "INTERNAL_RESULTS_DATE", "SYSTEM_TESTING_NUMBER", "UNIT_TESTING_NUMBER", "USER_RATING", "PERCENT_EFFICIENCY_SOFTWARE", "FIXES_BUGS_PERCENT", "CRITICAL_STRIKE_CHANCE_BUG", "AVAILABILITY_MAJOR_BUGS") VALUES (6, '12P8 D2QOT', 0, 7, 12, 2, 5, 16, 7);

INSERT INTO "INTERNAL_TESTING_RESULTS" ("INTERNAL_RESULTS_NUMBER", "INTERNAL_RESULTS_DATE", "SYSTEM_TESTING_NUMBER", "UNIT_TESTING_NUMBER", "USER_RATING", "PERCENT_EFFICIENCY_SOFTWARE", "FIXES_BUGS_PERCENT", "CRITICAL_STRIKE_CHANCE_BUG", "AVAILABILITY_MAJOR_BUGS") VALUES (18, 'IMJK6FFLOV', 13, 0, 6, 17, 1, 5, 8);

INSERT INTO "ESTIMATION_RESULTS" ("ESTIMATION_NUMBER", "ESTIMATION_DATE", "INTERNAL_RESULTS_NUMBER", "INTRODUCING_RESULT_NUMBER", "IMPLEMENTATION_PLAN_NUMBER", "SUCCESS_PROBABILITY", "EXPECTED_INCOME", "NEED_INTRODUCTION") VALUES (15, 'M32C4XSLLI', 0, 12, 6, 18, 10, 16);

INSERT INTO "ESTIMATION_RESULTS" ("ESTIMATION_NUMBER", "ESTIMATION_DATE", "INTERNAL_RESULTS_NUMBER", "INTRODUCING_RESULT_NUMBER", "IMPLEMENTATION_PLAN_NUMBER", "SUCCESS_PROBABILITY", "EXPECTED_INCOME", "NEED_INTRODUCTION") VALUES (18, '3V3K0X4HTE', 19, 15, 10, 14, 16, 1);

INSERT INTO "ESTIMATION_RESULTS" ("ESTIMATION_NUMBER", "ESTIMATION_DATE", "INTERNAL_RESULTS_NUMBER", "INTRODUCING_RESULT_NUMBER", "IMPLEMENTATION_PLAN_NUMBER", "SUCCESS_PROBABILITY", "EXPECTED_INCOME", "NEED_INTRODUCTION") VALUES (4, 'RJPYRGV232', 14, 1, 0, 4, 2, 10);

INSERT INTO "ESTIMATION_RESULTS" ("ESTIMATION_NUMBER", "ESTIMATION_DATE", "INTERNAL_RESULTS_NUMBER", "INTRODUCING_RESULT_NUMBER", "IMPLEMENTATION_PLAN_NUMBER", "SUCCESS_PROBABILITY", "EXPECTED_INCOME", "NEED_INTRODUCTION") VALUES (12, 'GBA70AO9PV', 10, 8, 4, 0, 4, 13);

INSERT INTO "ESTIMATION_RESULTS" ("ESTIMATION_NUMBER", "ESTIMATION_DATE", "INTERNAL_RESULTS_NUMBER", "INTRODUCING_RESULT_NUMBER", "IMPLEMENTATION_PLAN_NUMBER", "SUCCESS_PROBABILITY", "EXPECTED_INCOME", "NEED_INTRODUCTION") VALUES (11, ' H7QFQGAPU', 6, 14, 1, 5, 8, 4);

INSERT INTO "ESTIMATION_RESULTS" ("ESTIMATION_NUMBER", "ESTIMATION_DATE", "INTERNAL_RESULTS_NUMBER", "INTRODUCING_RESULT_NUMBER", "IMPLEMENTATION_PLAN_NUMBER", "SUCCESS_PROBABILITY", "EXPECTED_INCOME", "NEED_INTRODUCTION") VALUES (5, '2G1FOUOL5E', 3, 9, 1, 2, 0, 8);

INSERT INTO "ESTIMATION_RESULTS" ("ESTIMATION_NUMBER", "ESTIMATION_DATE", "INTERNAL_RESULTS_NUMBER", "INTRODUCING_RESULT_NUMBER", "IMPLEMENTATION_PLAN_NUMBER", "SUCCESS_PROBABILITY", "EXPECTED_INCOME", "NEED_INTRODUCTION") VALUES (16, ' NHCNSUN18', 9, 7, 15, 11, 3, 17);

INSERT INTO "ESTIMATION_RESULTS" ("ESTIMATION_NUMBER", "ESTIMATION_DATE", "INTERNAL_RESULTS_NUMBER", "INTRODUCING_RESULT_NUMBER", "IMPLEMENTATION_PLAN_NUMBER", "SUCCESS_PROBABILITY", "EXPECTED_INCOME", "NEED_INTRODUCTION") VALUES (1, 'K41HT6QNO4', 7, 8, 15, 9, 17, 9);

INSERT INTO "ESTIMATION_RESULTS" ("ESTIMATION_NUMBER", "ESTIMATION_DATE", "INTERNAL_RESULTS_NUMBER", "INTRODUCING_RESULT_NUMBER", "IMPLEMENTATION_PLAN_NUMBER", "SUCCESS_PROBABILITY", "EXPECTED_INCOME", "NEED_INTRODUCTION") VALUES (10, 'AX0I0IG973', 19, 17, 0, 17, 7, 12);

INSERT INTO "ESTIMATION_RESULTS" ("ESTIMATION_NUMBER", "ESTIMATION_DATE", "INTERNAL_RESULTS_NUMBER", "INTRODUCING_RESULT_NUMBER", "IMPLEMENTATION_PLAN_NUMBER", "SUCCESS_PROBABILITY", "EXPECTED_INCOME", "NEED_INTRODUCTION") VALUES (17, 'KIV  UP6YD', 3, 14, 11, 10, 9, 15);

INSERT INTO "ESTIMATION_RESULTS" ("ESTIMATION_NUMBER", "ESTIMATION_DATE", "INTERNAL_RESULTS_NUMBER", "INTRODUCING_RESULT_NUMBER", "IMPLEMENTATION_PLAN_NUMBER", "SUCCESS_PROBABILITY", "EXPECTED_INCOME", "NEED_INTRODUCTION") VALUES (3, 'HCWWB85OWW', 15, 17, 15, 19, 11, 18);

INSERT INTO "ESTIMATION_RESULTS" ("ESTIMATION_NUMBER", "ESTIMATION_DATE", "INTERNAL_RESULTS_NUMBER", "INTRODUCING_RESULT_NUMBER", "IMPLEMENTATION_PLAN_NUMBER", "SUCCESS_PROBABILITY", "EXPECTED_INCOME", "NEED_INTRODUCTION") VALUES (14, '82622OGMS7', 8, 10, 18, 13, 19, 2);

INSERT INTO "ESTIMATION_RESULTS" ("ESTIMATION_NUMBER", "ESTIMATION_DATE", "INTERNAL_RESULTS_NUMBER", "INTRODUCING_RESULT_NUMBER", "IMPLEMENTATION_PLAN_NUMBER", "SUCCESS_PROBABILITY", "EXPECTED_INCOME", "NEED_INTRODUCTION") VALUES (9, 'P6TJRC9B3L', 17, 17, 18, 12, 12, 6);

INSERT INTO "ESTIMATION_RESULTS" ("ESTIMATION_NUMBER", "ESTIMATION_DATE", "INTERNAL_RESULTS_NUMBER", "INTRODUCING_RESULT_NUMBER", "IMPLEMENTATION_PLAN_NUMBER", "SUCCESS_PROBABILITY", "EXPECTED_INCOME", "NEED_INTRODUCTION") VALUES (7, 'PSDQPM0DF ', 0, 14, 18, 8, 13, 11);

INSERT INTO "ESTIMATION_RESULTS" ("ESTIMATION_NUMBER", "ESTIMATION_DATE", "INTERNAL_RESULTS_NUMBER", "INTRODUCING_RESULT_NUMBER", "IMPLEMENTATION_PLAN_NUMBER", "SUCCESS_PROBABILITY", "EXPECTED_INCOME", "NEED_INTRODUCTION") VALUES (0, ' K1LBLGEC4', 2, 18, 16, 16, 18, 14);

INSERT INTO "ESTIMATION_RESULTS" ("ESTIMATION_NUMBER", "ESTIMATION_DATE", "INTERNAL_RESULTS_NUMBER", "INTRODUCING_RESULT_NUMBER", "IMPLEMENTATION_PLAN_NUMBER", "SUCCESS_PROBABILITY", "EXPECTED_INCOME", "NEED_INTRODUCTION") VALUES (13, 'UE8 KTRNW4', 8, 4, 7, 1, 5, 5);

INSERT INTO "ESTIMATION_RESULTS" ("ESTIMATION_NUMBER", "ESTIMATION_DATE", "INTERNAL_RESULTS_NUMBER", "INTRODUCING_RESULT_NUMBER", "IMPLEMENTATION_PLAN_NUMBER", "SUCCESS_PROBABILITY", "EXPECTED_INCOME", "NEED_INTRODUCTION") VALUES (19, 'NSCUAC1FA7', 2, 0, 15, 15, 6, 0);

INSERT INTO "ESTIMATION_RESULTS" ("ESTIMATION_NUMBER", "ESTIMATION_DATE", "INTERNAL_RESULTS_NUMBER", "INTRODUCING_RESULT_NUMBER", "IMPLEMENTATION_PLAN_NUMBER", "SUCCESS_PROBABILITY", "EXPECTED_INCOME", "NEED_INTRODUCTION") VALUES (6, 'H0B4OJ1Y4H', 5, 4, 19, 7, 1, 7);

INSERT INTO "ESTIMATION_RESULTS" ("ESTIMATION_NUMBER", "ESTIMATION_DATE", "INTERNAL_RESULTS_NUMBER", "INTRODUCING_RESULT_NUMBER", "IMPLEMENTATION_PLAN_NUMBER", "SUCCESS_PROBABILITY", "EXPECTED_INCOME", "NEED_INTRODUCTION") VALUES (2, 'Y487TMUFHI', 19, 18, 0, 6, 15, 3);

INSERT INTO "ESTIMATION_RESULTS" ("ESTIMATION_NUMBER", "ESTIMATION_DATE", "INTERNAL_RESULTS_NUMBER", "INTRODUCING_RESULT_NUMBER", "IMPLEMENTATION_PLAN_NUMBER", "SUCCESS_PROBABILITY", "EXPECTED_INCOME", "NEED_INTRODUCTION") VALUES (8, '5FRKWQFE40', 13, 17, 2, 3, 14, 19);

